distance_cm,distance_m,mean_normalized_voltage_v,mean_magnetic_field_mt,pad_01_raw_voltage_v,pad_02_raw_voltage_v,pad_03_raw_voltage_v,pad_04_raw_voltage_v,pad_05_raw_voltage_v,pad_06_raw_voltage_v,pad_07_raw_voltage_v,pad_08_raw_voltage_v,pad_09_raw_voltage_v,pad_10_raw_voltage_v,pad_11_raw_voltage_v,pad_12_raw_voltage_v,pad_13_raw_voltage_v,pad_14_raw_voltage_v,pad_15_raw_voltage_v,pad_16_raw_voltage_v,pad_17_raw_voltage_v,pad_18_raw_voltage_v,pad_19_raw_voltage_v,pad_20_raw_voltage_v,pad_21_raw_voltage_v,pad_22_raw_voltage_v,pad_23_raw_voltage_v,pad_24_raw_voltage_v,pad_25_raw_voltage_v,pad_26_raw_voltage_v,pad_27_raw_voltage_v,pad_28_raw_voltage_v,pad_29_raw_voltage_v,pad_30_raw_voltage_v,pad_31_raw_voltage_v,pad_32_raw_voltage_v,pad_33_raw_voltage_v,pad_34_raw_voltage_v,pad_35_raw_voltage_v,pad_36_raw_voltage_v,pad_01_baseline_referenced_voltage_v,pad_02_baseline_referenced_voltage_v,pad_03_baseline_referenced_voltage_v,pad_04_baseline_referenced_voltage_v,pad_05_baseline_referenced_voltage_v,pad_06_baseline_referenced_voltage_v,pad_07_baseline_referenced_voltage_v,pad_08_baseline_referenced_voltage_v,pad_09_baseline_referenced_voltage_v,pad_10_baseline_referenced_voltage_v,pad_11_baseline_referenced_voltage_v,pad_12_baseline_referenced_voltage_v,pad_13_baseline_referenced_voltage_v,pad_14_baseline_referenced_voltage_v,pad_15_baseline_referenced_voltage_v,pad_16_baseline_referenced_voltage_v,pad_17_baseline_referenced_voltage_v,pad_18_baseline_referenced_voltage_v,pad_19_baseline_referenced_voltage_v,pad_20_baseline_referenced_voltage_v,pad_21_baseline_referenced_voltage_v,pad_22_baseline_referenced_voltage_v,pad_23_baseline_referenced_voltage_v,pad_24_baseline_referenced_voltage_v,pad_25_baseline_referenced_voltage_v,pad_26_baseline_referenced_voltage_v,pad_27_baseline_referenced_voltage_v,pad_28_baseline_referenced_voltage_v,pad_29_baseline_referenced_voltage_v,pad_30_baseline_referenced_voltage_v,pad_31_baseline_referenced_voltage_v,pad_32_baseline_referenced_voltage_v,pad_33_baseline_referenced_voltage_v,pad_34_baseline_referenced_voltage_v,pad_35_baseline_referenced_voltage_v,pad_36_baseline_referenced_voltage_v,pad_01_normalized_voltage_v,pad_02_normalized_voltage_v,pad_03_normalized_voltage_v,pad_04_normalized_voltage_v,pad_05_normalized_voltage_v,pad_06_normalized_voltage_v,pad_07_normalized_voltage_v,pad_08_normalized_voltage_v,pad_09_normalized_voltage_v,pad_10_normalized_voltage_v,pad_11_normalized_voltage_v,pad_12_normalized_voltage_v,pad_13_normalized_voltage_v,pad_14_normalized_voltage_v,pad_15_normalized_voltage_v,pad_16_normalized_voltage_v,pad_17_normalized_voltage_v,pad_18_normalized_voltage_v,pad_19_normalized_voltage_v,pad_20_normalized_voltage_v,pad_21_normalized_voltage_v,pad_22_normalized_voltage_v,pad_23_normalized_voltage_v,pad_24_normalized_voltage_v,pad_25_normalized_voltage_v,pad_26_normalized_voltage_v,pad_27_normalized_voltage_v,pad_28_normalized_voltage_v,pad_29_normalized_voltage_v,pad_30_normalized_voltage_v,pad_31_normalized_voltage_v,pad_32_normalized_voltage_v,pad_33_normalized_voltage_v,pad_34_normalized_voltage_v,pad_35_normalized_voltage_v,pad_36_normalized_voltage_v,pad_01_magnetic_field_mt,pad_02_magnetic_field_mt,pad_03_magnetic_field_mt,pad_04_magnetic_field_mt,pad_05_magnetic_field_mt,pad_06_magnetic_field_mt,pad_07_magnetic_field_mt,pad_08_magnetic_field_mt,pad_09_magnetic_field_mt,pad_10_magnetic_field_mt,pad_11_magnetic_field_mt,pad_12_magnetic_field_mt,pad_13_magnetic_field_mt,pad_14_magnetic_field_mt,pad_15_magnetic_field_mt,pad_16_magnetic_field_mt,pad_17_magnetic_field_mt,pad_18_magnetic_field_mt,pad_19_magnetic_field_mt,pad_20_magnetic_field_mt,pad_21_magnetic_field_mt,pad_22_magnetic_field_mt,pad_23_magnetic_field_mt,pad_24_magnetic_field_mt,pad_25_magnetic_field_mt,pad_26_magnetic_field_mt,pad_27_magnetic_field_mt,pad_28_magnetic_field_mt,pad_29_magnetic_field_mt,pad_30_magnetic_field_mt,pad_31_magnetic_field_mt,pad_32_magnetic_field_mt,pad_33_magnetic_field_mt,pad_34_magnetic_field_mt,pad_35_magnetic_field_mt,pad_36_magnetic_field_mt
3.000000000000000000e+01,2.999999999999999889e-01,0.000000000000000000e+00,0.000000000000000000e+00,2.487111772809709631e+00,2.487441471644810331e+00,2.473120008196149744e+00,2.490842001778738712e+00,2.488850184849330294e+00,2.511040823800223087e+00,2.491891043526785587e+00,2.510659354073660587e+00,2.492632184709821619e+00,2.467476981026785587e+00,2.496626717703683163e+00,2.497904641287667538e+00,2.488877432686941837e+00,2.504610334123884119e+00,2.507822854178292538e+00,2.479692186628069006e+00,2.486506870814732206e+00,2.490659441266740881e+00,2.486711229596819006e+00,2.505912780761718750e+00,2.470997401646205294e+00,2.495021820068359375e+00,2.493948255266462244e+00,2.486013684953962244e+00,2.497384207589285587e+00,2.493245261056082462e+00,2.484572274344308163e+00,2.498776572091238712e+00,2.489100864955357206e+00,2.503321511404855038e+00,2.493871961321149744e+00,2.505569458007812500e+00,2.489934648786272131e+00,2.514852796282087244e+00,2.503155299595424488e+00,2.486288888113839413e+00,0.000000000000000000e+00,0.000000000000000000e+00,0.000000000000000000e+00,0.000000000000000000e+00,0.000000000000000000e+00,0.000000000000000000e+00,0.000000000000000000e+00,0.000000000000000000e+00,0.000000000000000000e+00,0.000000000000000000e+00,0.000000000000000000e+00,0.000000000000000000e+00,0.000000000000000000e+00,0.000000000000000000e+00,0.000000000000000000e+00,0.000000000000000000e+00,0.000000000000000000e+00,0.000000000000000000e+00,0.000000000000000000e+00,0.000000000000000000e+00,0.000000000000000000e+00,0.000000000000000000e+00,0.000000000000000000e+00,0.000000000000000000e+00,0.000000000000000000e+00,0.000000000000000000e+00,0.000000000000000000e+00,0.000000000000000000e+00,0.000000000000000000e+00,0.000000000000000000e+00,0.000000000000000000e+00,0.000000000000000000e+00,0.000000000000000000e+00,0.000000000000000000e+00,0.000000000000000000e+00,0.000000000000000000e+00,0.000000000000000000e+00,0.000000000000000000e+00,0.000000000000000000e+00,0.000000000000000000e+00,0.000000000000000000e+00,0.000000000000000000e+00,0.000000000000000000e+00,0.000000000000000000e+00,0.000000000000000000e+00,0.000000000000000000e+00,0.000000000000000000e+00,0.000000000000000000e+00,0.000000000000000000e+00,0.000000000000000000e+00,0.000000000000000000e+00,0.000000000000000000e+00,0.000000000000000000e+00,0.000000000000000000e+00,0.000000000000000000e+00,0.000000000000000000e+00,0.000000000000000000e+00,0.000000000000000000e+00,0.000000000000000000e+00,0.000000000000000000e+00,0.000000000000000000e+00,0.000000000000000000e+00,0.000000000000000000e+00,0.000000000000000000e+00,0.000000000000000000e+00,0.000000000000000000e+00,0.000000000000000000e+00,0.000000000000000000e+00,0.000000000000000000e+00,0.000000000000000000e+00,0.000000000000000000e+00,0.000000000000000000e+00,0.000000000000000000e+00,0.000000000000000000e+00,0.000000000000000000e+00,0.000000000000000000e+00,0.000000000000000000e+00,0.000000000000000000e+00,0.000000000000000000e+00,0.000000000000000000e+00,0.000000000000000000e+00,0.000000000000000000e+00,0.000000000000000000e+00,0.000000000000000000e+00,0.000000000000000000e+00,0.000000000000000000e+00,0.000000000000000000e+00,0.000000000000000000e+00,0.000000000000000000e+00,0.000000000000000000e+00,0.000000000000000000e+00,0.000000000000000000e+00,0.000000000000000000e+00,0.000000000000000000e+00,0.000000000000000000e+00,0.000000000000000000e+00,0.000000000000000000e+00,0.000000000000000000e+00,0.000000000000000000e+00,0.000000000000000000e+00,0.000000000000000000e+00,0.000000000000000000e+00,0.000000000000000000e+00,0.000000000000000000e+00,0.000000000000000000e+00,0.000000000000000000e+00,0.000000000000000000e+00,0.000000000000000000e+00
2.700000000000000000e+01,2.700000000000000178e-01,-1.038368239183878189e-02,1.689885583173173833e+00,2.487039184570312589e+00,2.487365722656250000e+00,2.472932434082031339e+00,2.490898132324218750e+00,2.488888549804687322e+00,2.511106872558594105e+00,2.491796874999999911e+00,2.510491943359374645e+00,2.492459106445312322e+00,2.467364501953125178e+00,2.496591186523437589e+00,2.497923278808593661e+00,2.488751220703125266e+00,2.504608154296875000e+00,2.507646179199218839e+00,2.479528808593749911e+00,2.486602783203125000e+00,2.490939331054687678e+00,2.486737060546874822e+00,2.505767822265625000e+00,2.471000671386718750e+00,2.495098876953124822e+00,2.493948364257812411e+00,2.485928344726562766e+00,2.497288513183593572e+00,2.493038940429687322e+00,2.484474182128906250e+00,2.498789978027343928e+00,2.488861083984375000e+00,2.503102111816406516e+00,2.493688964843749911e+00,2.505317687988281250e+00,2.489906311035156250e+00,2.514808654785156250e+00,2.503126525878906605e+00,2.486329650878906339e+00,-7.258823939704228678e-05,-7.574898856033129846e-05,-1.875741141184050775e-04,5.613054548003759692e-05,3.836495535702866277e-05,6.604875837101786828e-05,-9.416852678567622092e-05,-1.674107142859426745e-04,-1.730782645092965311e-04,-1.124790736604097674e-04,-3.553118024557377908e-05,1.863752092612358524e-05,-1.262119838165709496e-04,-2.179827009118895376e-06,-1.766749790736987791e-04,-1.633780343190949225e-04,9.591238839279370154e-05,2.798897879467965311e-04,2.583095005581625969e-05,-1.449584960937500000e-04,3.269740513456298459e-06,7.705688476544736432e-05,1.089913501672867824e-07,-8.534022739947744185e-05,-9.569440569201503877e-05,-2.063206263951400388e-04,-9.809221540191259692e-05,1.340593610521523260e-05,-2.397809709822062985e-04,-2.193995884485211434e-04,-1.829964773998327132e-04,-2.517700195312500000e-04,-2.833775111588110462e-05,-4.414149693099389538e-05,-2.877371651788251938e-05,4.076276506692622092e-05,-2.091624143886162360e-03,-1.449764416083487955e-04,-1.451060771833739122e-04,4.022264004941613204e-05,4.766534946836125731e-05,2.403466673593525457e-04,-3.573823191145996552e-04,-1.271685224997351146e-04,-5.148163731502882552e-05,-3.056336677482195173e-05,-1.882036827939774387e-05,4.118160480379132220e-05,-4.098216777886154265e-04,-1.476503106537986211e-06,-4.670051455277000440e-05,-3.854694906084300262e-05,4.521882474421000549e-05,4.674861152731845824e-04,2.633886093849065017e-04,-1.713432279298506824e-04,1.680007398019764195e-06,3.585768909290005678e-05,9.483902604171463369e-08,-2.470968886229316748e-04,-3.722525673045770644e-01,-7.895623238971204421e-04,-1.700445990665340370e-04,2.232895638743095457e-05,-6.446104405059468198e-04,-1.959741552883573212e-03,1.738361022473968766e-03,5.100983712411056269e-03,-3.242183688854975709e-03,9.619665890079121852e-04,9.649151456011028976e-04,-8.434453311696644582e-04,3.403999999988670533e-01,2.359409594097876262e-02,2.361519339764533987e-02,-6.546007184319854039e-03,-7.757266049162244229e-03,-3.911506080477912539e-02,5.816195121948537772e-02,2.069595782076693105e-02,8.378345312756753371e-03,4.974015087999957181e-03,3.062908496735321749e-03,-6.702073274560010376e-03,6.669616026691500832e-02,2.402925300575475191e-04,7.600244623383537422e-03,6.273297952990843085e-03,-7.359107986905892226e-03,-7.608072133973380058e-02,-4.286500655311015900e-02,2.788514129443967274e-02,-2.734117025545049033e-04,-5.835636102624215497e-03,-1.543451511537401934e-05,4.021362113878133859e-02,6.058200001202167329e+01,1.284968027545932978e-01,2.767379679147835211e-02,-3.633911368098013527e-03,1.049067035245680041e-01,3.189368541902120602e-01,-2.829084249088564262e-01,-8.301562500004530110e-01,5.276470588219728253e-01,-1.565546218494144881e-01,-1.570344827590585968e-01,1.372659574467143262e-01
2.400000000000000000e+01,2.399999999999999911e-01,-2.296704659469512785e-02,3.737756940538403683e+00,2.487083961223733652e+00,2.487507524161503447e+00,2.473051136937634453e+00,2.490526396652747554e+00,2.488599316827182051e+00,2.510904772528286699e+00,2.491874694824218750e+00,2.510449639682112100e+00,2.492229856293776802e+00,2.467201495992726201e+00,2.496197141450026802e+00,2.497917701458108652e+00,2.488633517561287700e+00,2.504547382223194951e+00,2.507459706273571953e+00,2.479387480637122554e+00,2.486534118652343750e+00,2.490889450599407251e+00,2.486738007644127446e+00,2.505697053054283252e+00,2.470981992524245552e+00,2.494985646214978203e+00,2.493785989695581851e+00,2.485913243787042148e+00,2.497171862372036699e+00,2.493004634462554048e+00,2.484478128367456851e+00,2.498635916874326846e+00,2.488853191507273799e+00,2.503154360014816948e+00,2.493796512998383452e+00,2.505324791217672598e+00,2.489831858667834297e+00,2.514672114931304048e+00,2.502983356344288701e+00,2.486168433879983652e+00,-2.781158597597865878e-05,6.605251669311584806e-05,-6.887125851529063425e-05,-3.156051259911585305e-04,-2.508680221482428863e-04,-1.360512719363882184e-04,-1.634870256683740308e-05,-2.097143915484878107e-04,-4.023284160448170610e-04,-2.754850340593861802e-04,-4.295762536563607625e-04,1.306017044111484893e-05,-2.439151256541371993e-04,-6.295190068916767245e-05,-3.631479047205843358e-04,-3.047059909464522320e-04,2.724783761154370154e-05,2.300093326663699145e-04,2.677804730844002279e-05,-2.157277074354979618e-04,-1.540912195974186716e-05,-3.617385338117173887e-05,-1.622655708803932839e-04,-1.004411669200955259e-04,-2.123452172488882184e-04,-2.406265935284146451e-04,-9.414597685131198546e-05,-1.406552169118668871e-04,-2.476734480834075214e-04,-1.671513900380894313e-04,-7.544832276629165335e-05,-2.446667901399024458e-04,-1.027901184378343657e-04,-1.806813507831961374e-04,-1.719432511357865678e-04,-1.204542338557601511e-04,-8.013885608788170155e-04,1.264183061905442139e-04,-5.327834387386434767e-05,-2.261597722225537524e-04,-3.116831972004855322e-04,-4.950807646712766666e-04,-6.204554151249487201e-05,-1.593032407388247516e-04,-1.196714425989449886e-04,-7.485614757418568971e-05,-2.275405219308423023e-04,2.885784970587360296e-05,-7.920143793863338279e-04,-4.264039143528068512e-05,-9.599092128454232806e-05,-7.189146546228107062e-05,1.284625702958370313e-05,3.841732497407808673e-04,2.730458085116056733e-04,-2.549935515473271950e-04,-7.917276243426019347e-06,-1.683315892904922831e-05,-1.411956882704832965e-04,-2.908206433460254437e-04,-8.260258445007782058e-01,-9.208468183587201032e-04,-1.632037243915320586e-04,-2.342756357661524675e-04,-6.658280255380216034e-04,-1.493045301480834357e-03,7.167155639908326988e-04,4.957068811430218394e-03,-1.176044083427103294e-02,3.937551619102730958e-03,5.766048577760298118e-03,2.492386397204748773e-03,1.304214559387340266e-01,-2.057386435937990851e-02,8.670749143728626387e-03,3.680622385686661141e-02,5.072467758455294351e-02,8.057159446459027929e-02,1.009756097553081260e-02,2.592570147261925514e-02,1.947585046750271998e-02,1.218241466022913777e-02,3.703093306290331649e-02,-4.696451830774675540e-03,1.288958609175836489e-01,6.939482548500937667e-03,1.562197955146946669e-02,1.169992941361405400e-02,-2.090655678094780270e-03,-6.252202365973641429e-02,-4.443666109359072081e-02,4.149875836925002309e-02,1.288491931559920898e-03,2.739501413854947796e-03,2.297879971772232716e-02,4.732941493528937393e-02,1.344310345092442276e+02,1.498626117338054120e-01,2.656048312746776136e-02,3.812703474839654327e-02,1.083597454900691037e-01,2.429846787282282095e-01,-1.166414045729936982e-01,-8.067349137929377134e-01,1.913945233264822798e+00,-6.408142567372551168e-01,-9.383917954859375410e-01,-4.056217901698919714e-01
2.100000000000000000e+01,2.099999999999999922e-01,-1.675749177142233509e-02,2.727187011895400914e+00,2.486947142047646775e+00,2.487384183907214386e+00,2.472926952220775743e+00,2.490402975200134872e+00,2.488474904755015427e+00,2.510862939151716766e+00,2.491604840313947022e+00,2.510302508318865478e+00,2.492295253423996826e+00,2.467145566587094940e+00,2.496107124987943848e+00,2.497865653332368652e+00,2.488572862413194642e+00,2.504363825291763490e+00,2.507445723922164138e+00,2.479270652488426041e+00,2.486186086395640427e+00,2.490629973234953720e+00,2.486663629979263046e+00,2.505564748505015427e+00,2.470889621310763840e+00,2.494884538061824752e+00,2.493820190429687500e+00,2.485769766348379761e+00,2.497228928554205307e+00,2.492988492235725495e+00,2.484348438404224257e+00,2.498458108784240128e+00,2.488655749662422867e+00,2.502950974452642807e+00,2.493681731047453720e+00,2.505227548104745239e+00,2.489886813693576340e+00,2.514605110074267458e+00,2.502970754364390427e+00,2.486092838240258729e+00,-1.646307620628562063e-04,-5.728773759594574244e-05,-1.930559753740013207e-04,-4.390265786038405338e-04,-3.752800943148670854e-04,-1.778846485063212413e-04,-2.862032128385649798e-04,-3.568457547951098263e-04,-3.369312858247930365e-04,-3.314144396906471002e-04,-5.195927157393143148e-04,-3.898795529888587907e-05,-3.045702737471955857e-04,-2.465088321206287958e-04,-3.771302561283995658e-04,-4.215341396429650445e-04,-3.207844190917796823e-04,-2.946803178716095317e-05,-4.759961755596009425e-05,-3.480322567033233838e-04,-1.077803354414541559e-04,-1.372820065346225249e-04,-1.280648367747438954e-04,-2.439186055824826838e-04,-1.552790350802801811e-04,-2.567688203569673533e-04,-2.238359400839051716e-04,-3.184633069985842724e-04,-4.451152929343393794e-04,-3.705369522122303749e-04,-1.902302736960237439e-04,-3.419099030672612116e-04,-4.783509269579155898e-05,-2.476862078197861194e-04,-1.845452310340611746e-04,-1.960498735806837090e-04,-4.743821858986691301e-03,-1.096433431297648431e-04,-1.493468083002537589e-04,-3.146024663093501634e-04,-4.662551194852507957e-04,-6.473094044057691723e-04,-1.086179973645440148e-03,-2.710671631212756001e-04,-1.002192522908421996e-04,-9.005356058780023334e-05,-2.752209804999232890e-04,-8.614807589436979790e-05,-9.889671076957231004e-04,-1.669724500579885574e-04,-9.968687760402903351e-05,-9.945556681437291938e-05,-1.512369222647181948e-04,-4.921900082880199036e-05,-4.853556314509135613e-04,-4.113796148153399889e-04,-5.537802163734754387e-05,-6.388287721923701084e-05,-1.114358558845828174e-04,-7.062499169886742771e-04,-6.040376032350969204e-01,-9.826210304203733970e-04,-3.880235809977052768e-04,-5.304331780458128700e-04,-1.196616912005208071e-03,-3.309744869004276405e-03,1.807077916397231351e-03,6.927261831672000894e-03,-5.472916910694625159e-03,5.397774725519253330e-03,6.188650964242024301e-03,4.056578357148715903e-03,7.720301783251845018e-01,1.784383399395251743e-02,2.430534840297963323e-02,5.119977212176168163e-02,7.588038373728449304e-02,1.053459446349663126e-01,1.767696476962259955e-01,4.411464774676889661e-02,1.631011650893711071e-02,1.465570767749444468e-02,4.479065803275645435e-02,1.402011213155220440e-02,1.609488035613465817e-01,2.717382191522624973e-02,1.622347553956395363e-02,1.618583101675193786e-02,2.461295376094138967e-02,8.010114021221726235e-03,7.898888403457490770e-02,6.694970570692411471e-02,9.012459824768746797e-03,1.039657697054171409e-02,1.813555530703906890e-02,1.149381797130512028e-01,9.830370372304008697e+01,1.599160153757463732e-01,6.314864329581383606e-02,8.632499980169515419e-02,1.947426348255933137e-01,5.386422587913212157e-01,-2.940917107586462076e-01,-1.127372685186234236e+00,8.906862745105335044e-01,-8.784573088484295411e-01,-1.007167943809902599e+00,-6.601851851849636077e-01
1.800000000000000000e+01,1.799999999999999933e-01,-5.905284651872685225e-02,9.610516790822506650e+00,2.486820927372685119e+00,2.487095020435474257e+00,2.472746107313367858e+00,2.490404859001253968e+00,2.488404262213059326e+00,2.510736724476755555e+00,2.481497305410879761e+00,2.499842702606577927e+00,2.492034346969039138e+00,2.467265187958140427e+00,2.495668199327257142e+00,2.497519975827064087e+00,2.488449473439911408e+00,2.504405268916376937e+00,2.507154676649305802e+00,2.479503301926601289e+00,2.486254845136477876e+00,2.490259806315104019e+00,2.486673048984857193e+00,2.505353762779706894e+00,2.470867015697338243e+00,2.494892073266300248e+00,2.493807945722415376e+00,2.485571025330343353e+00,2.496848400728202133e+00,2.492691793559509872e+00,2.484039495020736954e+00,2.498542879834587005e+00,2.488363760489004761e+00,2.502869971004533234e+00,2.493525375554590973e+00,2.504788622444058532e+00,2.489843486267843353e+00,2.514363041630498063e+00,2.502732453522859224e+00,2.486289695457176041e+00,-2.908454370245117104e-04,-3.464512093360738731e-04,-3.739008827818857128e-04,-4.371427774847447267e-04,-4.459226362709678426e-04,-3.040993234675326562e-04,-1.039373811590582619e-02,-1.081665146708266079e-02,-5.978377407824808643e-04,-2.117930686451607869e-04,-9.585183764260207795e-04,-3.846654606034505264e-04,-4.279592470304294238e-04,-2.050652075071823788e-04,-6.681775289867353251e-04,-1.888847014677175196e-04,-2.520256782543306429e-04,-3.996349516368624677e-04,-3.818061196181332662e-05,-5.590179820118557075e-04,-1.303859488670511269e-04,-1.297468020591274751e-04,-1.403095440468682398e-04,-4.426596236188906630e-04,-5.358068610834543222e-04,-5.534674965725905338e-04,-5.327793235712086073e-04,-2.336922566517074529e-04,-7.371044663524450868e-04,-4.515404003218037587e-04,-3.465857665587712688e-04,-7.808355637539676763e-04,-9.116251842877787226e-05,-4.897546515891804120e-04,-4.228460725652638530e-04,8.073433366284632484e-07,-8.380687329969580684e-03,-6.630750386910970419e-04,-2.892472162850338998e-04,-3.132525515046735015e-04,-5.540227558172978973e-04,-1.106595502236219341e-03,-3.944564451545868461e-02,-8.216544510490730521e-03,-1.778251349553296526e-04,-5.754945366024549237e-05,-5.077137523219584425e-04,-8.499596616433930264e-04,-1.389622216049311116e-03,-1.389006626033125109e-04,-1.766194317943702626e-04,-4.456491961231585138e-05,-1.188199477355470391e-04,-6.674905591897359325e-04,-3.893135277005574228e-04,-6.607680687222054977e-04,-6.699288759857128682e-05,-6.037644141981202481e-05,-1.220906106891776039e-04,-1.281691167791470555e-03,-2.084296131789089124e+00,-2.118048449302641946e-03,-9.235824279878475764e-04,-3.892383318779453483e-04,-1.981580243036092266e-03,-4.033291454983523559e-03,3.292364946531919564e-03,1.582011035386965761e-02,-1.043010184809913150e-02,1.067312267131567682e-02,1.417997495813905218e-02,-1.670519570525209706e-05,1.363909465020697764e+00,1.079117124505628439e-01,4.707334857980897957e-02,5.098008112189750252e-02,9.016407017046013106e-02,1.800921595120278107e-01,6.419555555555030324e+00,1.337196149478928175e+00,2.894003500367282877e-02,9.365848105714232041e-03,8.262754175743802776e-02,1.383261278887756018e-01,2.261531564952885265e-01,2.260529727016937288e-02,2.874381363321825908e-02,7.252688624925078889e-03,1.933727449421089942e-02,1.086303134392371667e-01,6.335857482626251758e-02,1.075362661354571786e-01,1.090271357076040212e-02,9.825924375232384864e-03,1.986955639230737411e-02,2.085879888076629940e-01,3.392074074744755876e+02,3.447004062597298080e-01,1.503078167293940282e-01,6.334633713141094025e-02,3.224909775013346525e-01,6.563953735593064387e-01,-5.358137747030764508e-01,-2.574633487656087460e+00,1.697440087149022725e+00,-1.736990351695566925e+00,-2.307710727973492304e+00,2.718676122892553070e-03
1.500000000000000000e+01,1.499999999999999944e-01,-8.513257559267939367e-02,1.385484520072972892e+01,2.486634935651506506e+00,2.487212589808872831e+00,2.472670418875558163e+00,2.490030016217912756e+00,2.488106318882533419e+00,2.510542188371930994e+00,2.491272517613002169e+00,2.510046277727399744e+00,2.491863795689174044e+00,2.466675894601004337e+00,2.495653969900948788e+00,2.497607639857700956e+00,2.488193511962890625e+00,2.503901890345981762e+00,2.506689344133649744e+00,2.478822980608259119e+00,2.485765729631696619e+00,2.490359715053013456e+00,2.486332484654017794e+00,2.505043574741908863e+00,2.470359802246093750e+00,2.494400569370814669e+00,2.493340628487723087e+00,2.485427856445312500e+00,2.496610369001115881e+00,2.492544991629464413e+00,2.483809334891183163e+00,2.498198917933872831e+00,2.488346099853515625e+00,2.502822875976562500e+00,2.493618556431361544e+00,2.504912785121372387e+00,2.489411490304129337e+00,2.514365059988839413e+00,2.502670288085937500e+00,2.485891069684709631e+00,-4.768371582031250000e-04,-2.288818359375000000e-04,-4.495893205915812985e-04,-8.119855608259562985e-04,-7.438659667968750000e-04,-4.986354282920935077e-04,-6.185259137834187015e-04,-6.130763462608435077e-04,-7.683890206475751938e-04,-8.010864257812500000e-04,-9.727478027343750000e-04,-2.970014299665812985e-04,-6.839207240512124031e-04,-7.084437779023566861e-04,-1.133510044642793702e-03,-8.692060198098872092e-04,-7.411411830355874031e-04,-2.997262137274248062e-04,-3.787449428012124031e-04,-8.692060198098872092e-04,-6.375994001115437015e-04,-6.212506975447062985e-04,-6.076267787391564923e-04,-5.858285086497438954e-04,-7.738385881697062985e-04,-7.002694266180498062e-04,-7.629394531250000000e-04,-5.776541573658811046e-04,-7.547651018415812985e-04,-4.986354282925375969e-04,-2.534048897882001938e-04,-6.566728864401127908e-04,-5.231584821427937015e-04,-4.877362932478312985e-04,-4.850115094869877908e-04,-3.978184291297814923e-04,-1.374002346777349927e-02,-4.380583127730611529e-04,-3.477992843586158456e-04,-5.818614919757208277e-04,-9.241932105753802862e-04,-1.814498355050018791e-03,-2.347389653907366695e-03,-4.657050384503021471e-04,-2.285551278780236233e-04,-2.176751412747572655e-04,-5.152508800412421109e-04,-6.562565677874507633e-04,-2.220752183187477656e-03,-4.798635095833346455e-04,-2.996208213131870647e-04,-2.050779978387454031e-04,-3.494181912054304434e-04,-5.006179193919310438e-04,-3.861921593298708270e-03,-1.027415220105233574e-03,-3.276014426074651200e-04,-2.890931086704701157e-04,-5.287275715369788714e-04,-1.696227045146710176e-03,-3.010242856334068406e+00,-2.679840428439467671e-03,-1.322569103849109435e-03,-9.621420231760720960e-04,-2.029057863864943898e-03,-4.453958074739360583e-03,2.407200343805752929e-03,1.330451379536555338e-02,-5.985569887156352853e-02,1.062913700195655849e-02,1.626466817395640432e-02,8.231485183889318893e-03,2.236111111112268013e+00,7.129151291512791921e-02,5.660236651089368964e-02,9.469466703509996086e-02,1.504072181411644782e-01,2.952993451822513160e-01,3.820243902438415495e-01,7.579086115989254469e-02,3.719605444258756999e-02,3.542539815590955293e-02,8.385416666666707652e-02,1.068020448736333033e-01,3.614148580968207236e-01,7.809507226194727092e-02,4.876159412903599555e-02,3.337528430627828557e-02,5.686583444430068357e-02,8.147273507936750314e-02,6.285058977718764872e-01,1.672060164083150335e-01,5.331528199708870236e-02,4.704826843711188561e-02,8.604742198863431224e-02,2.760513583923534520e-01,4.899000000969942903e+02,4.361288735857156151e-01,2.152406417112198711e-01,1.565831727680946084e-01,3.302176917761374120e-01,7.248564867965819891e-01,-3.917582417586340515e-01,-2.165234375002436540e+00,9.741176470623743811e+00,-1.729831932773334024e+00,-2.646982758627813848e+00,-1.339627659575868268e+00
1.200000000000000000e+01,1.199999999999999956e-01,-1.035978908481332283e-01,1.685997082586099793e+01,2.486522129603794706e+00,2.486870901925223087e+00,2.472224644252232206e+00,2.489493233816964413e+00,2.487716674804687500e+00,2.510149274553571175e+00,2.490934099469866325e+00,2.509558541434151913e+00,2.491030011858259119e+00,2.466007777622767794e+00,2.495245797293526913e+00,2.497201102120535587e+00,2.488135201590401913e+00,2.503681727818080738e+00,2.506426130022321175e+00,2.478273664202009119e+00,2.485451834542410587e+00,2.490177699497767794e+00,2.486092703683035587e+00,2.504645211356026913e+00,2.469759259905134119e+00,2.493855067661830294e+00,2.493087768554687500e+00,2.485212053571428825e+00,2.496444702148437500e+00,2.492052350725446175e+00,2.483561924525669706e+00,2.498077392578125000e+00,2.487945556640625000e+00,2.502694266183036031e+00,2.493410382952009119e+00,2.504791259765625000e+00,2.489198957170759119e+00,2.514077322823660587e+00,2.502417428152901469e+00,2.485667637416294706e+00,-5.896432059149248062e-04,-5.705697195872438954e-04,-8.953639439175375969e-04,-1.348767961774299806e-03,-1.133510044642793702e-03,-8.915492466519125969e-04,-9.569440569192622092e-04,-1.100812639508674806e-03,-1.602172851562500000e-03,-1.469203404017793702e-03,-1.380920410156250000e-03,-7.035391671319501938e-04,-7.422310965399248062e-04,-9.286063058033811046e-04,-1.396724155971362791e-03,-1.418522426059887209e-03,-1.055036272321618895e-03,-4.817417689730874031e-04,-6.185259137834187015e-04,-1.267569405691837403e-03,-1.238141741071174806e-03,-1.166752406529081298e-03,-8.604867117747438954e-04,-8.016313825334187015e-04,-9.395054408480874031e-04,-1.192910330636287597e-03,-1.010349818638456298e-03,-6.991795131137124031e-04,-1.155308314732206298e-03,-6.272452218190061046e-04,-4.615783691406250000e-04,-7.781982421875000000e-04,-7.356916155130122092e-04,-7.754734584266564923e-04,-7.378714425230192830e-04,-6.212506975447062985e-04,-1.699052044814231693e-02,-1.092016793984638143e-03,-6.926475444863105417e-04,-9.665148943889432468e-04,-1.408294416114786330e-03,-3.244283397665728621e-03,-3.631732363224774406e-03,-8.361992690398934803e-04,-4.765617560008279861e-04,-3.992191706644355738e-04,-7.314541904899201502e-04,-1.554545374337107594e-03,-2.410091213944917394e-03,-6.289903233301350795e-04,-3.691962331855531900e-04,-3.346821494509998529e-04,-4.974070721867288741e-04,-8.046295286231367567e-04,-6.306879148769859757e-03,-1.498287023175912851e-03,-6.361628013710104697e-04,-5.429371453188131446e-04,-7.487541125171645520e-04,-2.321069752009118862e-03,-3.654689214309019274e+00,-4.565113383546104582e-03,-1.751459370383144859e-03,-1.164554920504795588e-03,-3.105850304255274464e-03,-5.602738518056988269e-03,4.384728368175120662e-03,1.576667692927053582e-02,-8.417207653810286627e-02,1.689973402657922105e-02,2.474422551409046975e-02,1.285464809537986176e-02,2.765111111111351327e+00,1.777195571956281805e-01,1.127244705180586587e-01,1.572948328267181339e-01,2.291919514531901847e-01,5.279887745557805268e-01,5.910439024387557083e-01,1.360867018160238640e-01,7.755773053983781862e-02,6.497066219614153204e-02,1.190400326797391301e-01,2.529934677649190444e-01,3.922287145241376560e-01,1.023646177955566394e-01,6.008459891959629096e-02,5.446762699012985126e-02,8.095018785603297351e-02,1.309489051094598067e-01,1.026408912188842670e+00,2.438377392889480855e-01,1.035318980319425292e-01,8.835994975776467752e-02,1.218554971479934718e-01,3.777409750651050113e-01,5.947800001176301521e+02,7.429463846533688187e-01,2.850401069518762043e-01,1.895247270391463290e-01,5.054595715273580980e-01,9.118140068878693993e-01,-7.135897435897435859e-01,-2.565937500001400196e+00,1.369852941180921135e+01,-2.750336134454906212e+00,-4.026982758632176029e+00,-2.092021276596476298e+00
9.000000000000000000e+00,8.999999999999999667e-02,-1.488629966309233943e-01,2.422661079004813089e+01,2.485845012049521241e+00,2.485394631662676712e+00,2.470118614935105761e+00,2.487652686334425489e+00,2.486253553821194728e+00,2.509299247495589746e+00,2.489957501811365770e+00,2.507343907510080516e+00,2.488341792937247998e+00,2.463087266491305272e+00,2.493020334551411032e+00,2.495923196115801712e+00,2.486899591261340525e+00,2.501529570548765236e+00,2.503192040228074511e+00,2.475081413022933496e+00,2.482922461725050489e+00,2.488376248267389013e+00,2.485331873739919484e+00,2.503206806798135009e+00,2.467544309554561721e+00,2.491692573793472754e+00,2.491176974388860987e+00,2.484025032289566504e+00,2.496054864698840525e+00,2.491350481587071730e+00,2.482315801805065725e+00,2.496490478515625000e+00,2.486936507686491993e+00,2.502014406265751223e+00,2.493465792748235987e+00,2.504653930664062500e+00,2.488806939894153025e+00,2.513832584504158252e+00,2.502213754961567282e+00,2.485532452983240770e+00,-1.266760760188390122e-03,-2.046839982133619174e-03,-3.001393261043983074e-03,-3.189315444313223225e-03,-2.596631028135565344e-03,-1.741576304633341010e-03,-1.933541715419817564e-03,-3.315446563580071171e-03,-4.290391772573620699e-03,-4.389714535480315760e-03,-3.606383152272130133e-03,-1.981445171865825472e-03,-1.977841425601312153e-03,-3.080763575118883324e-03,-4.630813950218026775e-03,-4.610773605135509712e-03,-3.584409089681717120e-03,-2.283192999351868480e-03,-1.379355856899522337e-03,-2.705973963583740982e-03,-3.453092091643572559e-03,-3.329246274886621393e-03,-2.771280877601256520e-03,-1.988652664395740288e-03,-1.329342890445062153e-03,-1.894779469010732242e-03,-2.256472539242437847e-03,-2.286093575613712403e-03,-2.164357268865213513e-03,-1.307105139103814651e-03,-4.061685729137565204e-04,-9.155273437500000000e-04,-1.127708892119105855e-03,-1.020211777928992092e-03,-9.415446338572053264e-04,-7.564351305986427576e-04,-3.650160704470244155e-02,-3.917459266338360960e-03,-2.321857705374989842e-03,-2.285434535217143424e-03,-3.226103725252913845e-03,-6.337470545915870231e-03,-7.338052807540197328e-03,-2.518479433742580164e-03,-1.276164825209204125e-03,-1.192794810790436585e-03,-1.910250619688661552e-03,-4.378215983316970789e-03,-6.422229228389120768e-03,-2.086751366114483319e-03,-1.224063505806984248e-03,-1.087852819560245453e-03,-1.689904392476257542e-03,-3.813504713822668188e-03,-1.406477966201970416e-02,-3.198503889794156434e-03,-1.774214264444039669e-03,-1.549233117870737596e-03,-2.411435209457724136e-03,-5.758010036974655146e-03,-5.171162307950391224e+00,-7.251075701754972763e-03,-3.911635257374796067e-03,-3.807722440778045503e-03,-5.818507143333680534e-03,-1.167544694684077497e-02,3.858367252416826723e-03,1.854903168149475007e-02,-1.290236250877453139e-01,2.223326602662073839e-02,3.157432502345096370e-02,1.565182534081343765e-02,5.940430107528727355e+00,6.375443399594437066e-01,3.778692100190405023e-01,3.719415450712388327e-01,5.250301356878031012e-01,1.031387489061224461e+00,1.194226593233625122e+00,4.098682842942835691e-01,2.076886078072591180e-01,1.941206094692180528e-01,3.108824847143504821e-01,7.125298897856141567e-01,1.045181485271362343e+00,3.396069829750760771e-01,1.992094127394946623e-01,1.770418939078899634e-01,2.750223824287196805e-01,6.206263244643280830e-01,2.288963345030187835e+00,5.205384185609037706e-01,2.887433372673914311e-01,2.521289280690889312e-01,3.924474421927272028e-01,9.370835684359573037e-01,8.415774195214386282e+02,1.180071561176009531e+00,6.365965154389696679e-01,6.196852922286196774e-01,9.469291303476123911e-01,1.900112958778160444e+00,-6.279274488953300315e-01,-3.018750000001647393e+00,2.099786527522158863e+01,-3.618338303063886485e+00,-5.138542825374794454e+00,-2.547246053536248667e+00
6.000000000000000000e+00,5.999999999999999778e-02,-1.335137737531819635e-01,2.172861157597414206e+01,2.485518455505371094e+00,2.484036445617675781e+00,2.467505455017089844e+00,2.485054016113281250e+00,2.484639167785644531e+00,2.508760452270507812e+00,2.489248275756835938e+00,2.504780769348144531e+00,2.482864379882812500e+00,2.457284927368164062e+00,2.489826202392578125e+00,2.494960784912109375e+00,2.486151695251464844e+00,2.498637199401855469e+00,2.497453689575195312e+00,2.468663215637207031e+00,2.479271888732910156e+00,2.487106323242187500e+00,2.485040664672851562e+00,2.501577377319335938e+00,2.464156150817871094e+00,2.487792968750000000e+00,2.489032745361328125e+00,2.483386993408203125e+00,2.496217727661132812e+00,2.490824699401855469e+00,2.481112480163574219e+00,2.495231628417968750e+00,2.486185073852539062e+00,2.501785278320312500e+00,2.493596076965332031e+00,2.504762649536132812e+00,2.488872528076171875e+00,2.514153480529785156e+00,2.502456665039062500e+00,2.485758781433105469e+00,-1.593317304338537355e-03,-3.405026027134550048e-03,-5.614553179059900145e-03,-5.787985665457462403e-03,-4.211017063685762452e-03,-2.280371529715274903e-03,-2.642767769949649903e-03,-5.878584725516056153e-03,-9.767804827009118895e-03,-1.019205365862152490e-02,-6.800515311105037597e-03,-2.943856375558162597e-03,-2.725737435476993653e-03,-5.973134722028650145e-03,-1.036916460309722510e-02,-1.102897099086197485e-02,-7.234982081822050048e-03,-3.553118024553381105e-03,-1.670564923967443605e-03,-4.335403442382812500e-03,-6.841250828334199952e-03,-7.228851318359375000e-03,-4.915509905134118895e-03,-2.626691545759118895e-03,-1.166479928152774903e-03,-2.420561654226993653e-03,-3.459794180733943847e-03,-3.544943673269962403e-03,-2.915791102818143798e-03,-1.536233084542537597e-03,-2.758843558177126454e-04,-8.068084716796875000e-04,-1.062120710100256105e-03,-6.993157523020876454e-04,-6.986345563619877908e-04,-5.301066807339438469e-04,-4.591130698731196724e-02,-6.516899649486500648e-03,-4.343380699303449333e-03,-4.147618057901685668e-03,-5.231847609097802117e-03,-8.298107504602416154e-03,-1.002966178557215468e-02,-4.465490378689344550e-03,-2.905405753251362987e-03,-2.769434918157208988e-03,-3.602137665005479116e-03,-6.504766934288449057e-03,-8.850714926103194977e-03,-4.045895355893433520e-03,-2.740882296892815061e-03,-2.602144068816134893e-03,-3.411002397788184554e-03,-5.934597880796326289e-03,-1.703413042339540703e-02,-5.124515224796718192e-03,-3.515065478746868480e-03,-3.363877268871398596e-03,-4.277240085436093825e-03,-7.605408704748911272e-03,-4.537623122522425945e+00,-9.263176049046455834e-03,-5.997614712901672661e-03,-5.904465906379421404e-03,-7.838609458923253420e-03,-1.372208504118918072e-02,2.620742309787705161e-03,1.634633416931724828e-02,-1.215195386465318245e-01,1.524004475727674945e-02,2.342843213371585340e-02,1.096873590770392620e-02,7.471805555558528766e+00,1.060588560885610265e+00,7.068606443273303119e-01,6.750013815971114273e-01,8.514536090705462357e-01,1.350470065481800930e+00,1.632270731707145872e+00,7.267333040421832813e-01,4.728383544884626200e-01,4.507098700754355591e-01,5.862275326797522501e-01,1.058614030105080150e+00,1.440403797996832047e+00,6.584465871495969180e-01,4.460630924472575032e-01,4.234842304776305633e-01,5.551213489274139379e-01,9.658222413052681699e-01,2.772208387942609153e+00,8.339858705560707630e-01,5.720570268128313263e-01,5.474520007177416936e-01,6.960966334861942162e-01,1.237737253442611873e+00,7.384725001460677731e+02,1.507529513034982838e+00,9.760778743315409178e-01,9.609184328837305777e-01,1.275689357291056591e+00,2.233191733638484777e+00,-4.265109890112832591e-01,-2.660273437501451621e+00,1.977661764712976122e+01,-2.480231092437649831e+00,-3.812844827595554431e+00,-1.785099734043422481e+00
3.000000000000000000e+00,2.999999999999999889e-02,-7.066297783422714751e-03,1.149999999999999689e+00,2.486866542271205294e+00,2.483749389648437500e+00,2.463985624767484950e+00,2.480981009347098087e+00,2.483162652878533994e+00,2.509098961239769388e+00,2.490029107956658994e+00,2.501356942313058163e+00,2.468875703357515050e+00,2.441471644810267794e+00,2.483286176409040369e+00,2.494706653413318431e+00,2.486701238723028506e+00,2.494178045363653506e+00,2.481090000697544706e+00,2.449742271786644388e+00,2.471518743605841006e+00,2.486428760346912181e+00,2.486018226260230612e+00,2.499934605189732206e+00,2.457244509742373406e+00,2.479836600167410587e+00,2.485827491396949362e+00,2.483573186965216006e+00,2.497382391066778506e+00,2.491398765927269388e+00,2.480495997837611544e+00,2.494534083775111544e+00,2.486472356887091006e+00,2.502530415852864287e+00,2.494615827287946619e+00,2.505918230329240881e+00,2.489872887021019388e+00,2.515177045549665369e+00,2.503366016206287181e+00,2.486630394345238138e+00,-2.452305385043374031e-04,-3.692081996372831298e-03,-9.134383428664794025e-03,-9.860992431640625000e-03,-5.687531970796300129e-03,-1.941862560453699871e-03,-1.861935570126593831e-03,-9.302411760602424806e-03,-2.375648135230656877e-02,-2.600533621651779370e-02,-1.334054129464279370e-02,-3.197987874349106363e-03,-2.176193963913330975e-03,-1.043228876023061247e-02,-2.673285348074783130e-02,-2.994991484142461857e-02,-1.498812720889119987e-02,-4.230680919828699871e-03,-6.930033365883936369e-04,-5.978175571986543702e-03,-1.375289190383188753e-02,-1.518521990094878760e-02,-8.120763869512881428e-03,-2.440497988746237468e-03,-1.816522507080975402e-06,-1.846495128813074871e-03,-4.076276506696618895e-03,-4.242488316127168702e-03,-2.628508068266199871e-03,-7.910955519907503231e-04,7.438659667968750000e-04,3.487723214283811046e-04,-6.176176525274357232e-05,3.242492675781250000e-04,2.107166108626934431e-04,3.415062313987249354e-04,-7.066297783422714751e-03,-7.066297783422714751e-03,-7.066297783422714751e-03,-7.066297783422714751e-03,-7.066297783422714751e-03,-7.066297783422714751e-03,-7.066297783422714751e-03,-7.066297783422714751e-03,-7.066297783422714751e-03,-7.066297783422715618e-03,-7.066297783422714751e-03,-7.066297783422714751e-03,-7.066297783422714751e-03,-7.066297783422713884e-03,-7.066297783422715618e-03,-7.066297783422714751e-03,-7.066297783422714751e-03,-7.066297783422714751e-03,-7.066297783422714751e-03,-7.066297783422714751e-03,-7.066297783422714751e-03,-7.066297783422714751e-03,-7.066297783422714751e-03,-7.066297783422714751e-03,-7.066297783422714751e-03,-7.066297783422714751e-03,-7.066297783422714751e-03,-7.066297783422714751e-03,-7.066297783422713884e-03,-7.066297783422713884e-03,-7.066297783422714751e-03,-7.066297783422714751e-03,-7.066297783422714751e-03,-7.066297783422714751e-03,-7.066297783422714751e-03,-7.066297783422714751e-03,1.149999999999999911e+00,1.149999999999999911e+00,1.149999999999999911e+00,1.149999999999999911e+00,1.149999999999999911e+00,1.149999999999999911e+00,1.149999999999999911e+00,1.149999999999999911e+00,1.149999999999999911e+00,1.150000000000000133e+00,1.149999999999999911e+00,1.149999999999999911e+00,1.149999999999999911e+00,1.149999999999999911e+00,1.150000000000000133e+00,1.149999999999999911e+00,1.149999999999999911e+00,1.149999999999999911e+00,1.149999999999999911e+00,1.149999999999999911e+00,1.149999999999999911e+00,1.149999999999999911e+00,1.149999999999999911e+00,1.149999999999999911e+00,1.149999999999999911e+00,1.149999999999999911e+00,1.149999999999999911e+00,1.149999999999999911e+00,1.149999999999999911e+00,1.149999999999999911e+00,1.149999999999999911e+00,1.149999999999999911e+00,1.149999999999999911e+00,1.149999999999999911e+00,1.149999999999999911e+00,1.149999999999999911e+00
